{
  "val": {
    "split": "val",
    "n_samples": 6296,
    "loss": 0.15149523889777636,
    "perplexity": 1.1635727619076235,
    "token_accuracy": 0.7848794115970124,
    "exact_match": 0.5981575603557815,
    "char_accuracy": 0.8948248664880172,
    "cer": 0.10656242779018717,
    "bleu": 59.815756035578175
  },
  "test": {
    "split": "test",
    "n_samples": 6297,
    "loss": 0.14776746650235822,
    "perplexity": 1.1592433021196829,
    "token_accuracy": 0.7858093210674371,
    "exact_match": 0.6110846434810228,
    "char_accuracy": 0.8968676347601308,
    "cer": 0.10448278518062082,
    "bleu": 61.10846434810228
  }
}