{
  "total_pairs": 125925,
  "word": {
    "count": 125925,
    "min": 1,
    "max": 28,
    "mean": 7.488941830454635,
    "median": 7.0,
    "p90": 11.0,
    "p95": 12.0,
    "p99": 14.0
  },
  "phonetic": {
    "count": 125925,
    "min": 1,
    "max": 34,
    "mean": 8.271637879690292,
    "median": 8.0,
    "p90": 12.0,
    "p95": 13.0,
    "p99": 16.0
  }
}